name,subject
Ollie Goulbourne,Math
Leontine Lamblin,History
Gilbertine Brandom,Economics
Fulvia Redgate,Math
Jodie Murrigans,Ethics
Denna Junkinson,Economics
Debby Ingry,Genetic Engineering
Luca Binge,Math
Chelsey Peers,Genetic Engineering
Tully Aneley,Foreign Languages
Jacques Wharram,Foreign Languages
Emmott Dawbury,Physics
Tades Hebbard,Chems
Erika Banisch,English
Clarita Mechi,Foreign Languages
Farrand Alvares,Math
Jacob Brisley,Ethics
Kristen Canedo,Math
Sander Ruprich,Physical Education
Alano Mc Meekin,Science
Naomi Klimaszewski,Foreign Languages
Winona Abdon,Chems
Rosanne Shelbourne,Genetic Engineering
Link Rosoman,Ethics
Arlinda Kemmett,Genetic Engineering
Omar Ridges,English
Hester Amort,Genetic Engineering
Betsey Froom,Economics
Tania Forst,Biology
Layla Rushmere,History
Marleen Cluatt,Genetic Engineering
Farrel Linfield,Science
Foster Capeloff,Physical Education
Jobey Bails,Physical Education
Dorthea Baudry,Physical Education
Fawn Newlyn,Math
Mitchel Wattam,Chems
Bartolemo Jeays,Foreign Languages
Harold Folbigg,History
Jobie Dennerley,Ethics
Sarena Friese,Physical Education
Davey Folkes,Economics
Leslie Hardy,Physics
Dulci Toomey,Ethics
Anderson Marcroft,Foreign Languages
Sabine Emlen,Math
Irma O'Giany,Foreign Languages
Leora Grinham,Physics
Clemens Loy,Chems
Jocelin Lockyear,Physical Education
Tabatha Phythien,English
Shaine Lowsely,Math
Glynnis Treace,English
Charlie Jollye,Science
Harriot Mephan,Chems
Dorrie Climo,Biology
Bing Lindman,English
Barnie Morot,Math
Gunner Saw,Foreign Languages
Alecia Nolleth,Economics
Graham Ciccone,Genetic Engineering
Abrahan Gantley,History
Elinore Pettko,Foreign Languages
Dominique Treffrey,Foreign Languages
Gil Zack,Math
Candida Votier,Physics
Jerrome Pantlin,Genetic Engineering
Kristoffer Baress,Physical Education
Hodge Rosander,Economics
Ingemar Waterhous,English
Hakim Langsbury,English
Erich Turnock,Physics
Danette Ibert,Chems
Darline Lunck,History
Brandea Oakshott,Ethics
Velma Spinetti,Biology
Rosalyn Woolford,Economics
Berne Gabbitis,Science
Kip Ferandez,History
Danya Hambright,Ethics
Lorain Leynagh,Economics
Dora Reichhardt,Foreign Languages
Esta Pabelik,Biology
Harriett Jerromes,Foreign Languages
Lorry Ferraresi,Biology
Gwynne Camilli,Foreign Languages
Ulrica Paddie,Physical Education
Melody Cloney,Foreign Languages
Roderick Garstan,Chems
Ginny Catlow,Economics
Alaine Sharp,Ethics
Gabie Tonbridge,Economics
Calla Gatheridge,Math
Rena Christiensen,Genetic Engineering
Delainey Collingridge,Math
Torey Humbey,Physics
Nell Borrel,English
Tadio Creed,Math
Madelina Mewhirter,English
Sawyere Newband,Physics
